fighter_name,opp_fighter,standing_lands,standing_attempts,ground_lands,ground_attempts,clinch_lands,clinch_attempts,leg_lands,leg_attempts,body_lands,body_attempts,head_lands,head_attempts,knockdowns,control_time,controlled_time,round_count,round_number,ending_round,ending_time
Rob Font,George Roop,9,19,1,2,2,2,3,3,2,2,7,18,1,0:04,0:17,1,1,1,2:19
Marlon Moraes,Jose Aldo,17,41,0,0,1,1,2,2,3,4,13,36,0,0:21,0:00,1,1,3,5:00
Jose Aldo,Marlon Moraes,15,40,0,0,0,0,2,2,4,8,9,30,0,0:00,0:21,1,1,3,5:00
Marlon Moraes,Jose Aldo,21,54,0,0,0,0,1,1,2,2,18,51,0,0:00,0:00,1,2,3,5:00
Jose Aldo,Marlon Moraes,28,56,0,0,0,0,1,1,7,14,20,41,0,0:00,0:00,1,2,3,5:00
Marlon Moraes,Jose Aldo,20,41,0,0,0,0,1,1,2,3,17,37,0,0:00,0:00,1,3,3,5:00
Jose Aldo,Marlon Moraes,14,50,0,0,1,1,0,1,5,12,10,38,0,0:00,0:00,1,3,3,5:00
Aljamain Sterling,Renan Barao,8,13,3,4,0,0,4,5,2,3,5,9,0,0:00,3:46,1,1,3,5:00
Aljamain Sterling,Renan Barao,9,25,25,27,2,2,7,7,6,11,23,36,0,3:50,0:00,1,2,3,5:00
Aljamain Sterling,Renan Barao,19,44,0,0,5,6,4,5,7,9,13,36,0,1:49,0:48,1,3,3,5:00
Cory Sandhagen,Iuri Alcantara,2,2,42,77,0,0,1,1,0,0,43,78,0,3:23,1:13,1,1,2,1:01
Cory Sandhagen,Iuri Alcantara,4,6,18,27,0,1,0,0,0,0,22,34,0,0:48,0:00,1,2,2,1:01
Petr Yan,Teruto Ishihara,19,31,5,8,1,1,0,0,7,8,18,32,2,0:04,0:18,1,1,1,3:28
Petr Yan,Urijah Faber,10,27,0,0,5,7,2,3,4,6,9,25,0,0:00,0:00,1,1,3,0:43
Petr Yan,Urijah Faber,12,38,14,18,7,8,0,0,6,7,27,57,2,1:25,0:16,1,2,3,0:43
Petr Yan,Urijah Faber,4,8,0,0,2,2,1,1,1,1,4,8,1,0:01,0:00,1,3,3,0:43
Dominick Cruz,Urijah Faber,8,22,0,0,2,2,3,3,2,2,5,19,0,1:54,0:11,1,1,5,5:00
Dominick Cruz,Urijah Faber,19,54,2,4,0,0,6,7,2,4,13,47,1,0:08,0:00,1,2,5,5:00
Dominick Cruz,Urijah Faber,19,61,0,0,2,4,4,5,1,5,16,55,0,0:00,0:00,1,3,5,5:00
Dominick Cruz,Urijah Faber,16,51,2,4,0,2,2,2,2,4,14,51,0,0:04,0:00,1,4,5,5:00
Dominick Cruz,Urijah Faber,15,55,0,0,2,2,2,2,1,4,14,51,0,1:20,0:00,1,5,5,5:00
Cody Garbrandt,Marcus Brimage,10,33,1,2,0,0,1,3,0,0,10,32,0,0:25,0:00,1,1,3,4:50
Cody Garbrandt,Marcus Brimage,14,45,0,0,0,1,1,1,2,4,11,41,0,0:00,0:00,1,2,3,4:50
Cody Garbrandt,Marcus Brimage,21,47,3,5,0,1,0,0,3,4,21,49,2,0:04,0:17,1,3,3,4:50
Aljamain Sterling,Cody Gibson,3,17,3,3,13,21,3,6,7,9,9,26,0,2:41,0:34,1,1,3,5:00
Aljamain Sterling,Cody Gibson,6,14,0,0,10,14,1,2,8,11,7,15,0,0:56,2:36,1,2,3,5:00
Aljamain Sterling,Cody Gibson,2,8,7,10,2,2,2,2,2,2,7,16,0,4:18,0:01,1,3,3,5:00
Rob Font,Raphael Assuncao,10,61,0,0,0,0,2,7,3,7,5,47,0,0:00,0:00,1,1,3,5:00
Rob Font,Raphael Assuncao,5,25,0,0,0,0,0,0,2,2,3,23,0,0:00,2:16,1,2,3,5:00
Rob Font,Raphael Assuncao,5,36,0,0,0,0,0,0,1,1,4,35,0,0:00,2:16,1,3,3,5:00
Pedro Munhoz,Rob Font,20,48,0,0,0,0,8,12,1,4,11,32,0,0:02,0:05,1,1,1,4:03
Rob Font,Pedro Munhoz,30,68,0,0,0,0,1,1,6,15,23,52,0,0:05,0:02,1,1,1,4:03
Marlon Moraes,Raphael Assuncao,7,18,3,5,0,0,2,4,0,2,8,17,1,1:15,0:00,1,1,1,3:17
Cory Sandhagen,Raphael Assuncao,25,52,0,0,0,0,11,13,6,8,8,31,0,0:35,0:06,1,1,3,5:00
Cory Sandhagen,Raphael Assuncao,8,13,4,4,2,3,6,7,6,6,2,7,0,2:54,0:58,1,2,3,5:00
Cory Sandhagen,Raphael Assuncao,22,43,0,0,1,1,6,8,4,7,13,29,0,0:17,1:07,1,3,3,5:00
Marlon Moraes,Raphael Assuncao,14,49,0,0,0,1,4,5,6,7,4,38,0,0:00,0:00,1,1,3,5:00
Marlon Moraes,Raphael Assuncao,11,44,0,0,0,0,3,4,4,5,4,35,0,0:00,0:00,1,2,3,5:00
Marlon Moraes,Raphael Assuncao,19,56,0,0,0,0,8,8,4,8,7,40,0,0:00,0:00,1,3,3,5:00
Rob Font,Douglas Silva de Andrade,25,61,4,4,2,2,3,3,6,8,22,56,0,1:10,0:02,1,1,2,4:36
Rob Font,Douglas Silva de Andrade,29,66,0,0,10,11,3,3,8,10,28,64,0,0:59,0:08,1,2,2,4:36
Aljamain Sterling,Raphael Assuncao,21,46,0,0,0,0,13,18,4,7,4,21,0,0:02,0:00,1,1,3,5:00
Aljamain Sterling,Raphael Assuncao,13,51,0,0,0,0,9,12,2,6,2,33,0,0:00,0:00,1,2,3,5:00
Aljamain Sterling,Raphael Assuncao,18,75,0,0,0,0,3,9,3,8,12,58,0,0:00,0:00,1,3,3,5:00
Marlon Moraes,Aljamain Sterling,5,12,2,2,0,0,0,0,1,1,6,13,2,0:13,0:00,1,1,1,1:07
Aljamain Sterling,Marlon Moraes,3,8,0,2,0,0,1,2,1,1,1,7,0,0:00,0:13,1,1,1,1:07
Aljamain Sterling,Bryan Caraway,4,15,3,5,0,0,3,5,1,2,3,13,0,3:40,0:00,1,1,3,5:00
Aljamain Sterling,Bryan Caraway,12,25,0,0,7,9,4,5,10,12,5,17,0,0:11,2:42,1,2,3,5:00
Aljamain Sterling,Bryan Caraway,6,10,0,0,0,0,2,2,3,4,1,4,0,0:00,3:53,1,3,3,5:00
Pedro Munhoz,Russell Doane,14,24,0,0,0,1,3,4,3,5,8,16,0,0:20,0:08,1,1,1,2:08
Marlon Moraes,Jimmie Rivera,2,3,5,6,0,0,1,1,0,0,6,8,1,0:00,0:00,1,1,1,0:33
Aljamain Sterling,Jimmie Rivera,4,10,0,0,17,20,5,5,16,18,0,7,0,2:09,1:27,1,1,3,5:00
Aljamain Sterling,Jimmie Rivera,42,71,0,0,6,9,14,15,15,18,19,47,0,0:36,0:49,1,2,3,5:00
Aljamain Sterling,Jimmie Rivera,31,65,1,1,0,0,7,9,8,15,17,42,0,0:00,0:34,1,3,3,5:00
Dominick Cruz,Charlie Valencia ,13,111,0,0,5,14,2,2,1,2,15,121,0,0:04,0:00,1,1,3,5:00
Dominick Cruz,Charlie Valencia ,16,112,0,0,0,0,2,3,1,4,13,105,0,0:14,0:02,1,2,3,5:00
Dominick Cruz,Charlie Valencia ,27,142,0,0,0,1,1,1,6,8,20,134,0,0:00,0:06,1,3,3,5:00
Dominick Cruz,Cody Garbrandt,20,50,0,0,0,0,7,9,4,4,9,37,0,0:00,0:09,1,1,5,5:00
Cody Garbrandt,Dominick Cruz,11,37,0,0,1,1,4,4,3,4,5,30,0,0:09,0:00,1,1,5,5:00
Dominick Cruz,Cody Garbrandt,19,60,0,0,0,0,6,7,2,6,11,47,0,0:00,0:00,1,2,5,5:00
Cody Garbrandt,Dominick Cruz,16,45,0,0,0,0,1,2,6,10,9,33,0,0:00,0:00,1,2,5,5:00
Dominick Cruz,Cody Garbrandt,20,70,0,0,0,0,3,4,1,1,16,65,0,0:01,0:01,1,3,5,5:00
Cody Garbrandt,Dominick Cruz,16,45,0,0,1,1,0,2,1,1,16,43,0,0:01,0:01,1,3,5,5:00
Dominick Cruz,Cody Garbrandt,17,54,0,0,0,0,1,3,1,1,15,50,0,0:00,0:05,1,4,5,5:00
Cody Garbrandt,Dominick Cruz,15,46,0,1,0,0,4,5,0,1,11,41,2,0:05,0:00,1,4,5,5:00
Dominick Cruz,Cody Garbrandt,12,57,0,0,0,0,4,4,1,2,7,51,0,0:00,0:24,1,5,5,5:00
Cody Garbrandt,Dominick Cruz,8,17,0,0,0,2,1,1,1,1,6,17,0,0:24,0:00,1,5,5,5:00
Pedro Munhoz,Jerrod Sanders,2,2,0,0,0,0,2,2,0,0,0,0,0,0:00,0:10,1,1,1,0:39
Pedro Munhoz,Bryan Caraway,27,47,4,4,4,7,9,11,2,2,24,45,1,0:02,0:17,1,1,1,2:39
Cody Garbrandt,TJ Dillashaw,14,39,0,0,3,4,1,1,2,5,14,37,0,0:00,0:29,1,1,1,4:10
Cody Garbrandt,TJ Dillashaw,14,39,1,3,0,0,0,1,2,4,13,37,1,0:04,0:00,1,1,2,2:41
Cody Garbrandt,TJ Dillashaw,3,11,0,0,0,0,0,0,0,1,3,10,0,0:00,0:07,1,2,2,2:41
Pedro Munhoz,John Dodson,13,40,0,0,0,0,4,9,6,15,3,16,0,0:00,0:00,1,1,3,5:00
Pedro Munhoz,John Dodson,31,60,0,0,3,4,2,3,13,17,19,44,0,0:00,0:00,1,2,3,5:00
Pedro Munhoz,John Dodson,19,65,2,2,1,1,3,3,2,7,17,58,0,1:02,0:00,1,3,3,5:00
Pedro Munhoz,Raphael Assuncao,13,43,0,0,0,0,7,13,3,5,3,25,0,0:00,0:00,1,1,3,5:00
Pedro Munhoz,Raphael Assuncao,9,23,0,0,0,2,4,6,4,8,1,11,0,0:00,1:56,1,2,3,5:00
Pedro Munhoz,Raphael Assuncao,11,32,0,0,0,0,4,4,5,8,2,20,0,0:00,0:08,1,3,3,5:00
Pedro Munhoz,Jimmie Rivera,16,52,0,0,0,0,7,9,3,11,6,32,0,0:00,0:00,1,1,3,5:00
Pedro Munhoz,Jimmie Rivera,22,59,0,0,1,1,7,8,8,16,8,36,0,0:04,0:09,1,2,3,5:00
Pedro Munhoz,Jimmie Rivera,26,70,0,0,1,1,7,10,3,9,17,52,0,0:05,0:00,1,3,3,5:00
Cory Sandhagen,John Lineker,35,85,0,0,1,1,9,10,7,13,20,63,0,0:00,0:00,1,1,3,5:00
Cory Sandhagen,John Lineker,36,72,0,0,0,1,12,12,6,7,18,54,0,0:20,0:14,1,2,3,5:00
Cory Sandhagen,John Lineker,48,116,0,0,0,0,11,12,3,3,34,101,0,0:16,0:00,1,3,3,5:00
Dominick Cruz,Demetrious Johnson,9,20,3,3,3,3,2,2,6,6,7,18,0,2:17,0:59,1,1,5,5:00
Dominick Cruz,Demetrious Johnson,4,16,2,2,12,12,0,0,13,13,5,17,0,2:01,1:02,1,2,5,5:00
Dominick Cruz,Demetrious Johnson,5,14,0,2,4,4,1,1,4,5,4,14,0,2:44,0:35,1,3,5,5:00
Dominick Cruz,Demetrious Johnson,6,26,0,0,3,3,2,2,2,4,5,23,0,2:27,0:01,1,4,5,5:00
Dominick Cruz,Demetrious Johnson,6,12,0,0,3,3,2,2,2,2,5,11,0,3:12,0:20,1,5,5,5:00
Rob Font,Sergio Pettis,43,101,5,10,0,0,4,4,14,15,30,92,0,1:30,0:00,1,1,3,5:00
Rob Font,Sergio Pettis,37,82,0,0,0,0,2,2,6,8,29,72,0,0:23,0:16,1,2,3,5:00
Rob Font,Sergio Pettis,22,44,3,9,1,1,1,1,5,5,20,48,0,2:58,0:00,1,3,3,5:00
Cody Garbrandt,Thomas Almeida,20,47,1,1,0,0,3,4,0,1,18,43,1,0:02,0:00,1,1,1,2:53
Rob Font,Matt Schnell,12,19,13,13,1,1,1,1,5,5,20,27,1,2:10,0:00,1,1,1,3:47
Aljamain Sterling,Cody Stamann,10,35,2,2,0,0,1,3,3,7,8,27,0,0:49,1:53,1,1,2,3:42
Aljamain Sterling,Cody Stamann,3,16,15,17,3,4,2,2,4,6,15,29,0,2:04,0:43,1,2,2,3:42
Pedro Munhoz,Brett Johns,40,99,0,0,10,14,11,14,6,11,33,88,0,0:00,0:05,1,1,3,5:00
Pedro Munhoz,Brett Johns,31,64,20,37,8,17,10,15,7,15,42,88,3,1:24,0:20,1,2,3,5:00
Pedro Munhoz,Brett Johns,7,11,1,2,0,1,2,3,3,5,3,6,0,3:07,0:41,1,3,3,5:00
Aljamain Sterling,Augusto Mendes,7,21,16,25,0,0,4,10,18,21,1,15,0,3:23,0:11,1,1,3,5:00
Aljamain Sterling,Augusto Mendes,14,33,4,7,5,6,3,4,12,15,8,27,0,1:27,1:35,1,2,3,5:00
Aljamain Sterling,Augusto Mendes,32,63,0,0,5,6,2,2,16,19,19,48,0,1:09,1:27,1,3,3,5:00
Cory Sandhagen,Mario Bautista,13,47,4,7,0,0,6,8,2,3,9,43,1,0:39,0:54,1,1,1,3:31
Merab Dvalishvili,Frankie Saenz,0,18,2,2,5,14,1,1,4,6,2,27,0,3:10,0:00,1,1,3,5:00
Merab Dvalishvili,Frankie Saenz,17,44,0,0,12,14,2,3,4,6,23,49,0,2:23,0:05,1,2,3,5:00
Merab Dvalishvili,Frankie Saenz,7,22,0,0,4,4,0,0,2,4,9,22,0,2:13,0:14,1,3,3,5:00
Petr Yan,Jinsoo Son,12,43,0,0,9,10,2,2,4,6,15,45,0,0:00,0:43,1,1,3,5:00
Petr Yan,Jinsoo Son,20,50,7,8,3,6,0,0,3,3,27,61,0,0:13,1:52,1,2,3,5:00
Petr Yan,Jinsoo Son,41,102,0,0,8,13,1,1,3,4,45,110,0,0:00,0:00,1,3,3,5:00
Merab Dvalishvili,Casey Kenney,14,60,2,3,3,4,8,9,4,12,7,46,0,1:10,0:02,1,1,3,5:00
Merab Dvalishvili,Casey Kenney,17,57,4,5,3,3,6,7,9,10,9,48,0,1:57,0:00,1,2,3,5:00
Merab Dvalishvili,Casey Kenney,12,39,7,9,1,1,5,5,1,1,14,43,0,2:33,0:03,1,3,3,5:00
Merab Dvalishvili,Brad Katona,14,40,10,12,1,2,3,4,3,7,19,43,0,1:18,0:36,1,1,3,5:00
Merab Dvalishvili,Brad Katona,3,5,4,5,0,0,0,0,1,1,6,9,0,4:21,0:00,1,2,3,5:00
Merab Dvalishvili,Brad Katona,7,20,13,15,3,3,3,3,2,2,18,33,0,2:54,0:00,1,3,3,5:00
Pedro Munhoz,Justin Scoggins,20,54,0,0,0,1,10,20,3,7,7,28,0,0:00,0:04,1,1,2,1:55
Pedro Munhoz,Justin Scoggins,8,23,0,0,0,1,0,0,2,4,6,20,0,0:08,0:03,1,2,2,1:55
Merab Dvalishvili,Terrion Ware,1,14,19,29,2,6,0,0,0,0,22,49,0,4:02,0:00,1,1,3,5:00
Merab Dvalishvili,Terrion Ware,3,25,3,9,3,4,4,6,1,2,4,30,0,2:58,0:00,1,2,3,5:00
Merab Dvalishvili,Terrion Ware,2,4,29,74,0,0,2,2,4,6,25,70,0,4:33,0:00,1,3,3,5:00
Marlon Moraes,John Dodson,19,61,0,0,0,0,4,8,8,10,7,43,0,0:00,0:01,1,1,3,5:00
Marlon Moraes,John Dodson,17,37,0,0,0,0,1,3,6,10,10,24,0,0:40,0:19,1,2,3,5:00
Marlon Moraes,John Dodson,9,33,0,0,0,0,4,5,1,3,4,25,0,0:25,0:07,1,3,3,5:00
Petr Yan,John Dodson,16,41,0,0,2,2,2,3,6,8,10,32,0,0:12,0:16,1,1,3,5:00
Petr Yan,John Dodson,24,51,0,0,8,10,1,1,8,9,23,51,0,0:05,0:11,1,2,3,5:00
Petr Yan,John Dodson,21,42,4,4,5,5,0,0,2,3,28,48,0,1:12,0:10,1,3,3,5:00
Aljamain Sterling,Takeya Mizugaki,7,12,0,0,16,18,11,12,7,7,5,11,0,3:10,0:14,1,1,3,2:11
Aljamain Sterling,Takeya Mizugaki,4,13,0,0,3,4,1,2,4,4,2,11,0,3:15,0:00,1,2,3,2:11
Aljamain Sterling,Takeya Mizugaki,2,7,0,0,0,0,0,0,1,1,1,6,0,1:12,0:17,1,3,3,2:11
Dominick Cruz,Brian Bowles,20,42,1,1,0,0,8,8,1,3,12,32,0,0:36,0:00,1,1,2,5:00
Dominick Cruz,Brian Bowles,19,62,1,1,1,3,8,9,0,2,13,55,0,0:15,0:00,1,2,2,5:00
Marlon Moraes,Henry Cejudo,16,37,0,0,0,0,9,14,3,3,4,20,0,0:00,0:00,1,1,3,4:51
Marlon Moraes,Henry Cejudo,30,58,0,0,1,1,6,7,1,2,24,50,0,0:00,0:00,1,2,3,4:51
Marlon Moraes,Henry Cejudo,8,21,1,1,1,1,0,1,3,3,7,19,0,0:00,2:40,1,3,3,4:51
Petr Yan,Douglas Silva de Andrade,28,52,3,4,0,0,2,3,15,18,14,35,0,0:33,0:00,1,1,2,5:00
Petr Yan,Douglas Silva de Andrade,14,26,23,28,8,8,2,2,8,9,35,51,0,3:04,0:00,1,2,2,5:00
Dominick Cruz,TJ Dillashaw,19,59,0,0,2,3,2,2,2,4,17,56,0,0:07,0:12,1,1,5,5:00
Dominick Cruz,TJ Dillashaw,16,50,0,1,1,1,1,1,2,2,14,49,0,0:10,0:00,1,2,5,5:00
Dominick Cruz,TJ Dillashaw,18,52,0,1,1,1,0,0,2,2,17,52,0,0:13,0:04,1,3,5,5:00
Dominick Cruz,TJ Dillashaw,24,57,0,0,1,1,3,3,1,3,21,52,0,0:03,0:56,1,4,5,5:00
Dominick Cruz,TJ Dillashaw,30,76,0,0,0,0,0,0,2,3,28,73,0,0:00,0:00,1,5,5,5:00
Petr Yan,Jimmie Rivera,6,42,3,7,5,6,1,1,4,7,9,47,1,0:17,0:14,1,1,3,5:00
Petr Yan,Jimmie Rivera,20,57,1,3,3,4,2,2,3,4,19,58,1,0:08,0:25,1,2,3,5:00
Petr Yan,Jimmie Rivera,16,68,0,0,2,2,0,1,6,8,12,61,0,0:14,0:00,1,3,3,5:00
Rob Font,Ricky Simon,17,40,0,0,1,2,0,0,2,2,16,40,0,0:10,2:04,1,1,3,5:00
Rob Font,Ricky Simon,25,60,0,0,3,5,1,1,3,4,24,60,0,0:01,0:38,1,2,3,5:00
Rob Font,Ricky Simon,42,92,0,0,2,3,1,1,5,6,38,88,0,0:00,0:36,1,3,3,5:00
Dominick Cruz,Urijah Faber,4,10,0,0,0,2,0,0,1,1,3,11,0,0:32,0:07,1,1,1,1:38
Cody Garbrandt,Pedro Munhoz,20,59,1,1,0,0,1,4,1,6,19,50,0,0:04,0:21,1,1,1,4:52
Pedro Munhoz,Cody Garbrandt,18,38,6,7,1,2,6,8,3,3,16,36,1,0:21,0:04,1,1,1,4:52
Aljamain Sterling,Pedro Munhoz,47,100,0,0,1,3,3,9,17,32,28,62,0,0:00,0:03,1,1,3,5:00
Pedro Munhoz,Aljamain Sterling,25,83,0,0,2,3,5,12,8,18,14,56,0,0:03,0:00,1,1,3,5:00
Aljamain Sterling,Pedro Munhoz,62,108,0,0,0,1,7,8,10,18,45,83,0,0:00,0:02,1,2,3,5:00
Pedro Munhoz,Aljamain Sterling,40,90,0,0,1,1,12,14,14,27,15,50,0,0:02,0:00,1,2,3,5:00
Aljamain Sterling,Pedro Munhoz,63,130,0,0,1,7,5,9,9,23,50,105,0,0:00,0:00,1,3,3,5:00
Pedro Munhoz,Aljamain Sterling,37,84,0,0,0,4,15,16,7,19,15,53,0,0:00,0:00,1,3,3,5:00
Rob Font,Thomas Almeida,16,76,0,0,2,3,2,3,0,5,16,71,0,0:24,0:00,1,1,2,2:24
Rob Font,Thomas Almeida,10,35,4,6,9,12,0,0,4,4,19,49,2,0:38,0:04,1,2,2,2:24
Rob Font,Joey Gomez,18,40,0,0,1,1,3,5,6,7,10,29,0,1:05,0:00,1,1,2,4:13
Rob Font,Joey Gomez,21,53,0,1,12,15,3,4,11,13,19,52,1,0:01,0:24,1,2,2,4:13
Aljamain Sterling,Hugo Viana,6,21,4,5,6,7,2,3,10,14,4,16,0,1:58,0:00,1,1,3,3:50
Aljamain Sterling,Hugo Viana,4,10,8,9,6,7,5,7,4,4,9,15,0,3:06,0:00,1,2,3,3:50
Aljamain Sterling,Hugo Viana,0,1,28,38,0,0,0,0,2,3,26,36,0,3:30,0:00,1,3,3,3:50
Dominick Cruz,Joseph Benavidez,6,30,0,0,3,3,2,3,4,4,3,26,0,1:02,0:42,1,1,3,5:00
Dominick Cruz,Joseph Benavidez,13,43,1,1,2,7,0,0,3,6,13,45,0,0:47,0:34,1,2,3,5:00
Dominick Cruz,Joseph Benavidez,9,41,2,4,0,0,1,1,1,1,9,43,0,0:52,0:01,1,3,3,5:00
Dominick Cruz,Joseph Benavidez,11,36,1,2,5,6,4,4,8,8,5,32,0,1:32,0:00,1,1,5,5:00
Dominick Cruz,Joseph Benavidez,11,43,0,0,1,1,2,2,3,4,7,38,0,0:05,0:14,1,2,5,5:00
Dominick Cruz,Joseph Benavidez,8,40,0,0,3,4,0,0,5,6,6,38,0,0:13,0:26,1,3,5,5:00
Dominick Cruz,Joseph Benavidez,0,0,2,2,2,5,0,1,2,2,2,4,0,3:44,0:55,1,4,5,5:00
Dominick Cruz,Joseph Benavidez,11,42,2,5,1,2,1,1,6,9,7,39,0,0:20,0:07,1,5,5,5:00
Pedro Munhoz,Damian Stasiak,18,47,0,0,4,7,6,11,6,14,10,29,0,0:01,0:13,1,1,3,5:00
Pedro Munhoz,Damian Stasiak,16,43,0,0,3,4,5,5,2,6,12,36,0,0:29,0:00,1,2,3,5:00
Pedro Munhoz,Damian Stasiak,19,40,2,3,3,7,4,4,3,4,17,42,0,1:57,0:00,1,3,3,5:00
Cody Garbrandt,Henry Briones,9,38,4,6,0,0,1,3,1,1,11,40,0,0:24,0:00,1,1,3,5:00
Cody Garbrandt,Henry Briones,21,49,2,6,1,1,1,2,2,3,21,51,1,0:05,0:00,1,2,3,5:00
Cody Garbrandt,Henry Briones,25,55,0,0,2,3,1,1,1,1,25,56,0,0:24,0:00,1,3,3,5:00
Aljamain Sterling,Brett Johns,13,33,0,0,5,6,5,5,9,14,4,20,0,0:23,1:35,1,1,3,5:00
Aljamain Sterling,Brett Johns,34,56,2,6,8,10,2,2,16,21,26,49,0,0:59,1:32,1,2,3,5:00
Aljamain Sterling,Brett Johns,6,14,8,11,13,16,5,6,12,16,10,19,0,0:00,3:24,1,3,3,5:00
Cody Garbrandt,Augusto Mendes,10,39,1,2,0,0,2,2,1,2,8,37,1,0:05,0:00,1,1,1,4:18
Dominick Cruz,Ian McCall,20,66,0,0,3,8,2,2,4,9,17,63,0,--,--,1,1,3,5:00
Dominick Cruz,Ian McCall,13,78,0,0,3,4,0,2,4,5,12,75,0,--,--,1,2,3,5:00
Dominick Cruz,Ian McCall,16,77,0,0,2,6,3,3,1,2,14,78,0,--,--,1,3,3,5:00
Cory Sandhagen,Austin Arnett,30,60,10,13,8,13,6,7,16,19,26,60,0,1:06,0:37,1,1,2,3:48
Cory Sandhagen,Austin Arnett,15,30,5,11,12,20,4,4,7,13,21,44,1,0:49,0:31,1,2,2,3:48
Merab Dvalishvili,Ricky Simon,22,70,0,1,3,8,4,4,2,2,19,73,1,1:25,0:06,1,1,3,5:00
Merab Dvalishvili,Ricky Simon,21,70,0,0,0,3,5,6,3,4,13,63,0,0:46,0:34,1,2,3,5:00
Merab Dvalishvili,Ricky Simon,13,54,0,0,2,4,2,3,3,6,10,49,0,0:31,2:06,1,3,3,5:00
Dominick Cruz,Ivan Lopez ,0,12,5,17,0,2,0,2,0,1,5,28,0,3:20,0:06,1,1,3,3:24
Dominick Cruz,Ivan Lopez ,1,5,10,23,1,1,0,0,0,0,12,29,0,4:05,0:00,1,2,3,3:24
Dominick Cruz,Ivan Lopez ,4,19,9,9,0,0,0,0,7,7,6,21,0,1:43,0:00,1,3,3,3:24
Pedro Munhoz,Matt Hobar,16,35,6,6,2,2,0,0,1,4,23,39,0,0:31,0:16,1,1,1,2:47
Dominick Cruz,Urijah Faber,14,47,0,0,3,4,3,4,5,11,9,36,0,0:00,0:27,1,1,5,5:00
Dominick Cruz,Urijah Faber,21,57,0,0,0,0,4,7,3,9,14,41,0,0:15,0:00,1,2,5,5:00
Dominick Cruz,Urijah Faber,16,45,0,0,0,1,4,6,2,6,10,34,0,0:21,0:06,1,3,5,5:00
Dominick Cruz,Urijah Faber,22,50,0,0,2,3,0,0,11,13,13,40,0,0:06,0:12,1,4,5,5:00
Dominick Cruz,Urijah Faber,9,26,0,0,3,5,2,2,6,9,4,20,0,1:35,0:00,1,5,5,5:00
Aljamain Sterling,Johnny Eduardo,2,15,0,4,1,1,1,3,1,5,1,12,0,2:18,0:01,1,1,2,4:18
Aljamain Sterling,Johnny Eduardo,8,24,12,17,0,0,2,4,5,9,13,28,0,1:11,0:00,1,2,2,4:18
Dominick Cruz,Scott Jorgensen,33,75,0,0,0,2,7,8,7,12,19,57,0,0:08,0:40,1,1,5,5:00
Dominick Cruz,Scott Jorgensen,12,26,7,12,1,4,2,5,1,1,17,36,0,2:51,0:00,1,2,5,5:00
Dominick Cruz,Scott Jorgensen,23,77,3,7,0,3,3,5,4,5,19,77,0,0:58,0:15,1,3,5,5:00
Dominick Cruz,Scott Jorgensen,8,29,4,12,2,3,1,2,3,3,10,39,0,2:44,0:15,1,4,5,5:00
Dominick Cruz,Scott Jorgensen,23,85,1,5,0,1,1,1,5,7,18,83,0,1:34,0:12,1,5,5,5:00
Dominick Cruz,Takeya Mizugaki,4,9,22,26,0,0,0,0,0,0,26,35,0,0:22,0:00,1,1,1,1:01
Cody Garbrandt,Takeya Mizugaki,6,15,5,11,1,1,2,2,0,0,10,25,1,0:07,0:00,1,1,1,0:48
Rob Font,John Lineker,16,45,0,0,1,1,3,4,4,8,10,34,0,0:00,0:26,1,1,3,5:00
Rob Font,John Lineker,15,45,0,0,0,0,3,3,1,3,11,39,0,0:01,0:03,1,2,3,5:00
Rob Font,John Lineker,8,23,0,0,0,0,2,2,0,0,6,21,0,0:00,2:07,1,3,3,5:00
Dominick Cruz,Henry Cejudo,14,29,0,0,0,0,4,6,6,7,4,16,0,0:00,0:08,1,1,2,4:58
Dominick Cruz,Henry Cejudo,17,49,0,0,2,3,6,6,2,4,11,42,0,0:00,0:06,1,2,2,4:58
Cody Garbrandt,Raphael Assuncao,8,20,0,0,0,0,7,8,0,2,1,10,0,0:00,0:00,1,1,2,4:59
Cody Garbrandt,Raphael Assuncao,11,23,0,0,0,0,3,6,2,3,6,14,1,0:03,0:00,1,2,2,4:59
Aljamain Sterling,Cory Sandhagen,2,3,0,0,0,0,2,3,0,0,0,0,0,1:13,0:00,1,1,1,1:28
Cory Sandhagen,Aljamain Sterling,1,2,0,0,0,0,0,0,1,1,0,1,0,0:00,1:13,1,1,1,1:28
Merab Dvalishvili,Gustavo Lopez,10,17,16,28,1,1,6,6,4,4,17,36,0,2:35,0:00,1,1,3,5:00
Merab Dvalishvili,Gustavo Lopez,5,16,8,9,0,0,2,2,3,4,8,19,0,3:25,0:02,1,2,3,5:00
Merab Dvalishvili,Gustavo Lopez,8,21,23,34,2,2,5,6,6,7,22,44,0,3:15,0:00,1,3,3,5:00
Petr Yan,Jose Aldo,17,36,16,19,0,0,2,2,10,11,21,42,0,0:39,0:00,1,1,5,3:24
Jose Aldo,Petr Yan,14,39,0,0,0,0,3,5,1,6,10,28,0,0:00,0:39,1,1,5,3:24
Petr Yan,Jose Aldo,16,42,0,0,0,0,2,2,3,5,11,35,0,0:00,0:00,1,2,5,3:24
Jose Aldo,Petr Yan,24,41,0,0,0,0,9,9,8,10,7,22,0,0:00,0:00,1,2,5,3:24
Petr Yan,Jose Aldo,35,68,0,0,4,4,2,2,10,14,27,56,0,0:00,0:00,1,3,5,3:24
Jose Aldo,Petr Yan,27,46,0,0,2,3,4,6,12,16,13,27,0,0:00,0:00,1,3,5,3:24
Petr Yan,Jose Aldo,28,52,11,13,5,7,3,3,9,11,32,58,0,1:05,0:00,1,4,5,3:24
Jose Aldo,Petr Yan,15,27,0,0,0,0,0,0,7,7,8,20,0,0:00,1:05,1,4,5,3:24
Petr Yan,Jose Aldo,3,3,59,65,0,0,0,0,3,3,59,65,1,3:06,0:00,1,5,5,3:24
Jose Aldo,Petr Yan,1,1,0,0,0,0,1,1,0,0,0,0,0,0:00,3:06,1,5,5,3:24
Pedro Munhoz,Frankie Edgar,30,64,0,0,0,0,11,13,4,5,15,46,0,0:00,0:00,1,1,5,5:00
Pedro Munhoz,Frankie Edgar,21,57,0,0,0,0,4,5,1,2,16,50,0,0:00,0:12,1,2,5,5:00
Pedro Munhoz,Frankie Edgar,33,60,0,0,0,0,11,12,4,6,18,42,0,0:00,0:00,1,3,5,5:00
Pedro Munhoz,Frankie Edgar,35,74,0,0,0,0,7,8,4,10,24,56,0,0:00,0:06,1,4,5,5:00
Pedro Munhoz,Frankie Edgar,47,95,0,0,0,0,11,14,11,16,25,65,0,0:00,0:00,1,5,5,5:00
Merab Dvalishvili,John Dodson,2,14,0,0,24,24,24,24,1,2,1,12,0,1:55,0:00,1,1,3,5:00
Merab Dvalishvili,John Dodson,8,36,0,0,1,1,2,2,2,3,5,32,0,0:50,0:04,1,2,3,5:00
Merab Dvalishvili,John Dodson,15,58,0,0,0,0,4,4,1,4,10,50,0,0:59,0:00,1,3,3,5:00
Marlon Moraes,Cory Sandhagen,12,45,0,0,0,0,2,5,0,4,10,36,0,0:09,0:00,1,1,2,1:03
Cory Sandhagen,Marlon Moraes,30,66,0,0,0,0,11,12,8,9,11,45,0,0:00,0:09,1,1,2,1:03
Marlon Moraes,Cory Sandhagen,2,5,0,0,0,0,1,1,1,1,0,3,0,0:00,0:04,1,2,2,1:03
Cory Sandhagen,Marlon Moraes,6,18,2,4,0,0,2,3,1,1,5,18,1,0:04,0:00,1,2,2,1:03
Jose Aldo,Marlon Vera,18,28,0,0,1,1,4,4,8,10,7,15,0,0:04,1:26,1,1,3,5:00
Jose Aldo,Marlon Vera,17,32,0,0,7,7,2,2,13,15,9,22,0,0:00,1:25,1,2,3,5:00
Jose Aldo,Marlon Vera,1,2,0,0,0,0,0,0,0,1,1,1,0,4:53,0:00,1,3,3,5:00
Marlon Moraes,Rob Font,8,9,1,3,0,0,0,0,1,2,8,10,0,2:31,0:38,1,1,1,3:47
Rob Font,Marlon Moraes,13,18,16,18,1,1,0,0,3,3,27,34,1,0:38,2:31,1,1,1,3:47
Cory Sandhagen,Frankie Edgar,2,5,0,0,0,0,1,2,0,0,1,3,1,0:00,0:00,1,1,1,0:28
Pedro Munhoz,Jimmie Rivera,37,72,0,0,0,0,20,25,5,7,12,40,0,0:00,0:00,1,1,3,5:00
Pedro Munhoz,Jimmie Rivera,25,48,0,0,1,1,11,15,7,8,8,26,0,0:03,0:04,1,2,3,5:00
Pedro Munhoz,Jimmie Rivera,31,73,0,0,0,0,9,12,7,12,15,49,0,0:00,0:00,1,3,3,5:00
Petr Yan,Aljamain Sterling,12,19,1,1,1,1,4,4,6,7,4,10,1,1:17,0:27,1,1,4,4:29
Aljamain Sterling,Petr Yan,20,64,3,6,4,4,6,6,11,18,10,50,0,0:27,1:17,1,1,4,4:29
Petr Yan,Aljamain Sterling,3,7,4,4,3,5,3,3,2,2,5,11,0,1:25,2:16,1,2,4,4:29
Aljamain Sterling,Petr Yan,13,32,0,0,4,4,0,0,10,12,7,24,0,2:16,1:25,1,2,4,4:29
Petr Yan,Aljamain Sterling,24,42,3,6,3,5,6,6,8,10,16,37,0,0:49,0:34,1,3,4,4:29
Aljamain Sterling,Petr Yan,27,55,0,0,2,3,5,5,12,14,12,39,0,0:34,0:49,1,3,4,4:29
Petr Yan,Aljamain Sterling,25,38,2,2,5,7,4,4,5,5,23,38,0,0:41,0:08,1,4,4,4:29
Aljamain Sterling,Petr Yan,19,56,2,3,3,3,3,5,10,16,11,41,0,0:08,0:41,1,4,4,4:29
Dominick Cruz,Casey Kenney,26,56,0,0,0,0,9,11,7,16,10,29,0,0:00,0:17,1,1,3,5:00
Dominick Cruz,Casey Kenney,36,82,0,0,0,0,4,4,8,8,24,70,0,0:00,0:09,1,2,3,5:00
Dominick Cruz,Casey Kenney,23,59,0,1,4,4,1,1,9,11,17,52,0,2:07,0:00,1,3,3,5:00
Merab Dvalishvili,Cody Stamann,24,64,0,0,2,4,1,1,5,6,20,61,0,0:33,0:31,1,1,3,5:00
Merab Dvalishvili,Cody Stamann,16,49,3,3,2,2,4,5,7,13,10,36,0,1:09,1:07,1,2,3,5:00
Merab Dvalishvili,Cody Stamann,24,70,0,0,0,0,1,3,4,6,19,61,0,0:00,1:19,1,3,3,5:00
Rob Font,Cody Garbrandt,19,42,1,1,1,1,2,3,5,5,14,36,0,0:00,0:53,1,1,5,5:00
Cody Garbrandt,Rob Font,6,18,4,5,3,4,3,3,1,2,9,22,0,0:53,0:00,1,1,5,5:00
Rob Font,Cody Garbrandt,24,52,0,0,3,3,2,2,4,5,21,48,0,0:00,1:58,1,2,5,5:00
Cody Garbrandt,Rob Font,6,19,0,0,2,2,1,1,2,3,5,17,0,1:58,0:00,1,2,5,5:00
Rob Font,Cody Garbrandt,30,65,1,2,1,1,2,2,4,6,26,60,0,1:12,0:02,1,3,5,5:00
Cody Garbrandt,Rob Font,15,28,0,0,0,1,2,2,0,0,13,27,0,0:02,1:12,1,3,5,5:00
Rob Font,Cody Garbrandt,51,101,0,0,0,0,2,3,7,8,42,90,0,0:00,0:00,1,4,5,5:00
Cody Garbrandt,Rob Font,10,22,0,0,2,3,3,4,1,1,8,20,0,0:00,0:00,1,4,5,5:00
Rob Font,Cody Garbrandt,44,96,0,0,1,1,0,0,3,5,42,92,0,0:01,0:09,1,5,5,5:00
Cody Garbrandt,Rob Font,14,39,0,0,1,1,1,1,4,5,10,34,0,0:09,0:01,1,5,5,5:00
Cory Sandhagen,TJ Dillashaw,15,24,0,1,0,0,5,6,1,3,9,16,0,0:00,2:24,1,1,5,5:00
Cory Sandhagen,TJ Dillashaw,26,55,0,0,0,0,2,2,2,2,22,51,0,0:00,1:18,1,2,5,5:00
Cory Sandhagen,TJ Dillashaw,22,52,0,0,1,1,1,1,2,2,20,50,0,0:00,2:00,1,3,5,5:00
Cory Sandhagen,TJ Dillashaw,26,65,0,0,0,0,0,0,1,2,25,63,0,0:00,1:41,1,4,5,5:00
Cory Sandhagen,TJ Dillashaw,37,82,0,0,1,1,0,0,4,5,34,78,0,0:00,0:59,1,5,5,5:00
Jose Aldo,Pedro Munhoz,25,60,0,0,0,0,0,0,12,20,13,40,0,0:00,0:01,1,1,3,5:00
Pedro Munhoz,Jose Aldo,27,75,0,0,1,1,15,18,2,4,11,54,0,0:01,0:00,1,1,3,5:00
Jose Aldo,Pedro Munhoz,42,95,0,0,0,0,1,1,9,16,32,78,0,0:00,0:00,1,2,3,5:00
Pedro Munhoz,Jose Aldo,32,70,0,0,1,1,16,18,1,2,16,51,0,0:00,0:00,1,2,3,5:00
Jose Aldo,Pedro Munhoz,47,68,0,0,0,0,7,7,11,11,29,50,0,0:00,0:09,1,3,3,5:00
Pedro Munhoz,Jose Aldo,12,30,0,0,2,2,6,6,0,0,8,26,0,0:09,0:00,1,3,3,5:00
Marlon Moraes,Merab Dvalishvili,21,35,7,7,1,2,6,8,0,0,23,36,1,0:10,2:21,1,1,2,4:25
Merab Dvalishvili,Marlon Moraes,11,31,20,28,0,0,0,1,1,2,30,56,0,2:21,0:10,1,1,2,4:25
Marlon Moraes,Merab Dvalishvili,0,0,0,0,0,0,0,0,0,0,0,0,0,0:20,3:39,1,2,2,4:25
Merab Dvalishvili,Marlon Moraes,1,4,37,46,0,0,0,0,5,5,33,45,0,3:39,0:20,1,2,2,4:25
Petr Yan,Cory Sandhagen,17,35,0,0,2,2,11,12,4,4,4,21,0,0:00,0:10,1,1,5,5:00
Cory Sandhagen,Petr Yan,36,83,0,0,1,2,10,11,6,6,21,68,0,0:10,0:00,1,1,5,5:00
Petr Yan,Cory Sandhagen,36,63,0,0,2,2,7,7,8,8,23,50,0,0:05,0:00,1,2,5,5:00
Cory Sandhagen,Petr Yan,45,113,0,0,0,0,6,6,9,12,30,95,0,0:00,0:05,1,2,5,5:00
Petr Yan,Cory Sandhagen,28,46,7,9,1,2,2,2,5,6,29,49,1,0:40,0:07,1,3,5,5:00
Cory Sandhagen,Petr Yan,37,86,0,0,0,0,4,4,4,4,29,78,0,0:07,0:40,1,3,5,5:00
Petr Yan,Cory Sandhagen,34,64,0,0,2,3,0,0,8,8,28,59,0,0:24,0:03,1,4,5,5:00
Cory Sandhagen,Petr Yan,25,83,0,0,0,0,1,1,4,5,20,77,0,0:03,0:24,1,4,5,5:00
Petr Yan,Cory Sandhagen,20,44,0,0,0,0,2,3,2,3,16,38,0,0:00,0:00,1,5,5,5:00
Cory Sandhagen,Petr Yan,25,78,0,0,0,0,2,2,5,5,18,71,0,0:00,0:00,1,5,5,5:00
